15,The Great Henge,Commander Masters,cmm,Draw,"",default,Normal,294,1.38,"Green",9,mythic,"Artifact",54.42,own different edition
14,Force of Negation,Double Masters 2022,2x2,Counters,"",default,Normal,50,1.8,"Blue",3,rare,"Instant",44.35,own exact edition
10,"Sheoldred, the Apocalypse",Dominaria United,dmu,Lifegain,"",default,Normal,107,2.14,"Black",4,mythic,"Creature",63.90,own exact edition
15,Doubling Season,Battlebond,bbd,Tokens,"",default,Normal,195,1.42,"Green",5,mythic,"Enchantment",42.67,own exact edition
13,Sword of Fire and Ice,Special Guests,spg,Draw,"",default,Normal,62,0.68,"",3,mythic,"Artifact",37.55,not owned
5,Field of the Dead,Core Set 2020,m20,Land,"",default,Normal,247,1.12,"",0,rare,"Land",39.80,own exact edition
12,The Ozolith,Ikoria: Lair of Behemoths,iko,Counters,"",default,Normal,237,0.67,"",1,rare,"Artifact",31.73,own exact edition
5,"Ulamog, the Infinite Gyre",Modern Masters 2015,mm2,Removal,"",default,Normal,6,1.68,"",11,mythic,"Creature",43.47,not owned
3,Tymna the Weaver,Commander 2016,c16,Draw,"",default,Foil,48,1.11,"White,Black",3,rare,"Creature",34.07,own exact edition
10,Ocelot Pride,Modern Horizons 3,mh3,Tokens,"",default,Normal,322,null,"White",1,mythic,"Creature",55.68,own exact edition
2,Rot Hulk,Game Night,gnt,Recursion,"",default,Normal,3,0.25,"Black",7,mythic,"Creature",32.42,not owned
5,"Greymond, Avacyn's Stalwart",Universes Within,slx,Anthem,"",default,Normal,18,0.46,"White",4,mythic,"Creature",44.85,own exact edition
2,Blightsteel Colossus,Double Masters,2xm,Infect,"",default,Normal,357,2.03,"",12,mythic,"Creature,Artifact",60.24,not owned
15,"Sea Gate Restoration // Sea Gate, Reborn",Zendikar Rising,znr,Draw,"",default,Normal,76,0.4,"Blue",7,mythic,"Sorcery,Land",23.69,own exact edition
10,Allosaurus Shepherd,Double Masters 2022,2x2,Protection,"",default,Normal,365,0.87,"Green",1,mythic,"Creature",21.64,own different edition
4,"Emrakul, the Promised End",Eldritch Moon,emn,Finisher,"",default,Normal,6,2.13,"",13,mythic,"Creature",61.01,not owned
5,Tarnished Citadel,Odyssey,ody,Land,"",default,Normal,329,0.08,"",0,rare,"Land",34.00,not owned
3,Sylvan Tutor,Portal,por,Tutor,"",default,Normal,188,0.68,"Green",1,rare,"Sorcery",54.66,not owned
14,Jeweled Lotus,Commander Legends,cmr,Ramp,"",default,Normal,319,2.11,"",0,mythic,"Artifact",90.62,own exact edition
14,Vampiric Tutor,Commander Legends,cmr,Tutor,"",default,Normal,156,1.29,"Black",1,mythic,"Instant",38.99,own exact edition
15,Ancient Tomb,Ultimate Masters,uma,Land,"",default,Normal,236,1.13,"",0,rare,"Land",90.03,own exact edition
10,Orcish Bowmasters,The Lord of the Rings: Tales of Middle-earth,ltr,Removal,"",default,Normal,433,1.89,"Black",2,rare,"Creature",42.71,own exact edition
15,Phyrexian Altar,Double Masters 2022,2x2,Ramp,"",default,Normal,311,1,"",3,rare,"Artifact",37.39,not owned
15,Demonic Tutor,The List,plst,Tutor,"",default,Normal,UMA-93,1.37,"Black",2,rare,"Sorcery",35.63,own exact edition
14,Fierce Guardianship,Commander Masters,cmm,Removal,"",default,Normal,94,2.22,"Blue",3,rare,"Instant",37.13,own exact edition
19,Mox Amber,Dominaria,dom,Ramp,"",default,Normal,224,0.7,"",0,mythic,"Artifact",39.45,not owned
14,Force of Will,Double Masters,2xm,Counters,"",default,Normal,51,1.94,"Blue",5,mythic,"Instant",62.01,own exact edition
12,Dockside Extortionist,Double Masters 2022,2x2,Ramp,"",default,Normal,107,2.5,"Red",2,mythic,"Creature",81.00,own exact edition
4,Sylvan Paradise,Legends,leg,Instant,"",default,Normal,208,0.85,"Green",1,uncommon,"Instant",101.58,not owned
2,Themberchaud,Secret Lair Drop,sld,Removal,"",default,Normal,728,0.3,"Red",7,rare,"Creature",43.64,not owned
2,Sea Kings' Blessing,Legends,leg,Instant,"",default,Normal,75,0.77,"Blue",1,uncommon,"Instant",68.49,not owned
5,"Phlage, Titan of Fire's Fury",Modern Horizons 3,mh3,Removal,"",default,Normal,197,null,"White,Red",3,mythic,"Creature",30.31,own exact edition
5,"Ulamog, the Defiler",Modern Horizons 3,mh3,Finisher,"",default,Normal,15,null,"",10,mythic,"Creature",33.41,not owned
2,Ashcoat of the Shadow Swarm,Jumpstart 2022,j22,Recursion,"",default,Normal,19,0.8,"Black",4,mythic,"Creature",43.08,not owned
15,Prismatic Vista,Zendikar Rising Expeditions,zne,Land,"",default,Normal,27,0.17,"",0,mythic,"Land",35.44,own exact edition
2,Reset,Legends,leg,Ramp,"",default,Normal,73,0.91,"Blue",2,uncommon,"Instant",31.37,own exact edition
10,Anointed Procession,The List,plst,Tokens,"",default,Normal,AKH-2,0.93,"White",4,rare,"Enchantment",54.46,own exact edition
14,Mana Drain,Commander Legends,cmr,Removal,"",default,Normal,80,1.83,"Blue",2,mythic,"Instant",32.09,own exact edition
10,Burgeoning,Commander 2016,c16,Ramp,"",default,Normal,143,0.86,"Green",1,rare,"Enchantment",23.00,not owned
5,Drannith Magistrate,Ikoria: Lair of Behemoths,iko,Stax,"",default,Normal,11,2.4,"White",2,rare,"Creature",27.96,own exact edition
15,Shadowspear,Theros Beyond Death,thb,Lifegain,"",default,Normal,236,0.69,"",1,rare,"Artifact",21.92,own different edition
5,"Ajani, Nacatl Pariah // Ajani, Nacatl Avenger",Modern Horizons 3,mh3,Tokens,"",default,Normal,237,null,"White,Red",2,mythic,"Creature,Planeswalker",21.48,not owned
13,Sword of Wealth and Power,The Big Score,big,Protection,"",default,Normal,26,null,"",3,mythic,"Artifact",23.10,not owned
10,Akroma's Memorial,Time Spiral Remastered,tsr,Protection,"",default,Normal,262,0.75,"",7,mythic,"Artifact",29.34,not owned
5,Finale of Devastation,War of the Spark,war,Tutor,"",default,Normal,160,1.25,"Green",2,mythic,"Sorcery",27.88,own exact edition
10,Ancient Silver Dragon,Commander Legends: Battle for Baldur's Gate,clb,Draw,"",default,Normal,366,0.75,"Blue",8,mythic,"Creature",33.25,not owned
5,Cyclonic Rift,Modern Masters 2017,mm3,Removal,"",default,Normal,35,2.43,"Blue",2,rare,"Instant",31.31,own exact edition
10,Sensei's Divining Top,Double Masters 2022,2x2,Draw,"",default,Normal,314,1.39,"",1,rare,"Artifact",28.01,own different edition
6,Terror of the Peaks,Core Set 2021,m21,Removal,"",default,Normal,164,1.08,"Red",5,mythic,"Creature",17.05,own exact edition
4,Damnation,Time Spiral Remastered,tsr,Removal,"",default,Normal,106,0.61,"Black",4,mythic,"Sorcery",17.73,not owned
15,Opposition Agent,Commander Legends,cmr,Stax,"",default,Normal,141,2.22,"Black",3,rare,"Creature",19.20,own exact edition
5,Torment of Hailfire,Hour of Devastation,hou,Finisher,"",default,Normal,77,1.6,"Black",2,rare,"Sorcery",15.86,not owned
4,Exquisite Blood,Jumpstart,jmp,Lifegain,"",default,Normal,231,1.4,"Black",5,rare,"Enchantment",18.62,not owned
5,Portal to Phyrexia,The Brothers' War Promos,pbro,Removal,"",default,Normal,240p,1.29,"",9,mythic,"Artifact",23.70,not owned
10,Echo of Eons,Modern Horizons,mh1,Draw,"",default,Normal,46,0.67,"Blue",6,mythic,"Sorcery",26.23,not owned
4,Food Chain,Judge Gift Cards 2018,j18,Ramp,"",default,Foil,8,1.36,"Green",3,rare,"Enchantment",51.09,not owned
4,"Ugin, the Spirit Dragon",Core Set 2021,m21,Removal,"",default,Normal,1,1.38,"",8,mythic,"Planeswalker",24.05,own different edition
5,Wasteland,Eternal Masters,ema,Land,"",default,Normal,248,0.76,"",0,rare,"Land",24.24,not owned
5,Mistbind Clique,Lorwyn,lrw,Protection,"",default,Foil,75,0.45,"Blue",4,rare,"Creature",49.61,own exact edition
20,Three Tree City,Bloomburrow,blb,Land,"",default,Normal,260,null,"",0,rare,"Land",20.36,own exact edition
3,Mycosynth Golem,The List,plst,Ramp,"",default,Normal,5DN-137,0.68,"",11,rare,"Creature,Artifact",24.96,not owned
2,Thassa's Oracle,Theros Beyond Death,thb,Draw,"",default,Normal,73,2.72,"Blue",2,rare,"Creature",19.62,own exact edition
4,Scroll Rack,Commander Legends,cmr,Draw,"",default,Normal,337,0.69,"",2,mythic,"Artifact",17.48,not owned
5,"Zhulodok, Void Gorger",Commander Masters,cmm,Draw,"",default,Foil,704,1.18,"",6,mythic,"Creature",26.30,not owned
2,Tree of Perdition,Eldritch Moon,emn,Drain,"",default,Normal,109,0.7,"Black",4,mythic,"Creature",22.30,own different edition
4,Trinisphere,Double Masters,2xm,Stax,"",default,Foil,303,1.65,"",3,mythic,"Artifact",29.48,not owned
5,Talon Gates of Madara,Modern Horizons 3 Commander,m3c,Land,"",default,Normal,134,null,"",0,rare,"Land",21.19,own exact edition
15,Grim Tutor,Core Set 2021,m21,Tutor,"",default,Normal,315,0.84,"Black",3,mythic,"Sorcery",17.36,own different edition
3,Vaultborn Tyrant,The Big Score,big,Draw,"",default,Normal,20,null,"Green",7,mythic,"Creature",24.16,not owned
8,Crucible of Worlds,Double Masters 2022,2x2,Recursion,"",default,Normal,393,0.65,"",3,mythic,"Artifact",26.74,not owned
3,"Lara Croft, Tomb Raider",Secret Lair Drop,sld,Recursion,"",default,Normal,1501,null,"Green,Red,Blue",3,mythic,"Creature",27.84,not owned
5,"Tamiyo, Inquisitive Student // Tamiyo, Seasoned Scholar",Modern Horizons 3,mh3,Draw,"",default,Normal,242,null,"Green,Blue",1,mythic,"Creature,Planeswalker",21.32,not owned
15,Jeska's Will,Commander Legends,cmr,Ramp,"",default,Normal,187,1.23,"Red",3,rare,"Sorcery",16.49,own exact edition
13,Sword of Body and Mind,Double Masters,2xm,Mill,"",default,Normal,295,0.63,"",3,mythic,"Artifact",19.03,not owned
5,"Jace, the Mind Sculptor",Double Masters,2xm,Draw,"",default,Normal,56,0.85,"Blue",4,mythic,"Planeswalker",18.73,not owned
14,Deadly Rollick,Commander Masters,cmm,Removal,"",default,Normal,147,1.44,"Black",4,rare,"Instant",16.05,own different edition
8,"Purphoros, God of the Forge",Theros,ths,Burn,"",default,Foil,135,1.12,"Red",4,mythic,"Creature,Enchantment",23.76,not owned
2,Serra Ascendant,Iconic Masters,ima,Lifegain,"",default,Normal,31,1.46,"White",1,rare,"Creature",23.45,not owned
4,Coat of Arms,The Lost Caverns of Ixalan Commander,lcc,Anthem,"",default,Normal,108,0.77,"",5,rare,"Artifact",23.97,not owned
15,"Agadeem's Awakening // Agadeem, the Undercrypt",Zendikar Rising,znr,Recursion,"",default,Normal,90,0.31,"Black",3,mythic,"Sorcery,Land",19.42,not owned
10,Revel in Riches,The List,plst,Ramp,"",default,Normal,XLN-117,1.22,"Black",5,rare,"Enchantment",17.20,own exact edition
4,"Thassa, Deep-Dwelling",Theros Beyond Death,thb,Blink,"",default,Normal,261,0.51,"Blue",4,mythic,"Creature,Enchantment",15.09,not owned
10,Ancient Brass Dragon,Commander Legends: Battle for Baldur's Gate,clb,Recursion,"",default,Normal,367,0.55,"Black",7,mythic,"Creature",32.78,own exact edition
4,"Myrel, Shield of Argive",The Brothers' War,bro,Tokens,"",default,Normal,18,1,"White",4,mythic,"Creature",21.04,not owned
5,Stoneforge Mystic,Double Masters,2xm,Tutor,"",default,Normal,337,0.73,"White",2,rare,"Creature",34.66,not owned
3,Static Orb,Tempest,tmp,Stax,"",default,Normal,310,2.72,"",3,rare,"Artifact",17.94,not owned
3,Aphetto Alchemist,Onslaught,ons,Untap,"",default,Normal,64,0.15,"Blue",2,uncommon,"Creature",18.97,not owned
3,Scalelord Reckoner,Commander 2017,c17,Protection,"",default,Normal,6,0.76,"White",5,rare,"Creature",17.80,not owned
2,Ravenous Tyrannosaurus,Jurassic World Collection,rex,Removal,"",default,Normal,18,null,"Green,Red",6,rare,"Creature",15.39,not owned
13,Sword of Hearth and Home,Modern Horizons 2,mh2,Ramp,"",default,Normal,238,0.55,"",3,mythic,"Artifact",11.83,own exact edition
13,Sword of Forge and Frontier,Phyrexia: All Will Be One,one,Ramp,"",default,Normal,244,0.29,"",3,mythic,"Artifact",8.47,not owned
13,Sword of Once and Future,March of the Machine,mom,Recursion,"",default,Normal,265,0.35,"",3,mythic,"Artifact",4.42,not owned
13,Sword of Light and Shadow,Double Masters,2xm,Recursion,"",default,Normal,366,0.53,"",3,mythic,"Artifact",34.25,not owned
3,"Thrasios, Triton Hero",Special Guests,spg,Draw,"",default,Foil,16,1.23,"Green,Blue",2,rare,"Creature",25.01,not owned
5,Passionate Archaeologist,Commander Legends: Battle for Baldur's Gate,clb,Burn,"",default,Normal,633,0.29,"Red",2,mythic,"Enchantment",16.51,own different edition
6,Nuka-Cola Vending Machine,Fallout,pip,Tokens,"",default,Normal,137,null,"",3,uncommon,"Artifact",15.83,not owned
2,"Atraxa, Grand Unifier",Phyrexia: All Will Be One,one,Draw,"",default,Normal,196,1.45,"White,Green,Black,Blue",7,mythic,"Creature",15.28,not owned
4,Liliana of the Dark Realms,Magic 2013,m13,Ramp,"",default,Normal,97,0.32,"Black",4,mythic,"Planeswalker",16.46,not owned
3,"Nicol Bolas, the Ravager // Nicol Bolas, the Arisen",Core Set 2019,m19,Removal,"",default,Normal,218,0.84,"Red,Black,Blue",4,mythic,"Creature,Planeswalker",16.68,not owned
4,Sarkhan Unbroken,Dragons of Tarkir,dtk,Draw,"",default,Normal,230,0.23,"Green,Red,Blue",5,mythic,"Planeswalker",17.73,not owned
4,Berserk,Vintage Masters,vma,Removal,"",default,Normal,197,0.46,"Green",1,rare,"Instant",----,own exact edition
5,"Prosper, Tome-Bound",Forgotten Realms Commander,afc,Draw,"",default,Normal,324,1.16,"Red,Black",4,mythic,"Creature",23.78,not owned
5,Doubling Cube,Tenth Edition,10e,Ramp,"",default,Normal,321,0.45,"",2,rare,"Artifact",20.80,not owned
2,The Ur-Dragon,Commander 2017,c17,Draw,"",default,Foil,48,1.62,"White,Green,Red,Black,Blue",9,mythic,"Creature",19.39,not owned
15,Chromatic Orrery,Core Set 2021,m21,Ramp,"",default,Normal,228,0.7,"",7,mythic,"Artifact",36.41,own exact edition
20,Chrome Mox,Double Masters,2xm,Ramp,"",default,Normal,358,1.11,"",0,mythic,"Artifact",138.95,own different edition
3,Seedtime,Judgment,jud,Protection,"",default,Normal,130,0.64,"Green",2,rare,"Instant",16.30,not owned
13,Sword of War and Peace,Double Masters,2xm,Protection,"",default,Normal,367,0.44,"",3,mythic,"Artifact",20.92,not owned
13,Sword of Sinew and Steel,Modern Horizons,mh1,Removal,"",default,Normal,228,0.61,"",3,mythic,"Artifact",11.71,not owned
5,Black Market Connections,Commander Legends: Battle for Baldur's Gate,clb,Draw,"",default,Normal,669,0.87,"Black",3,rare,"Enchantment",14.79,own exact edition
14,Narset's Reversal,War of the Spark,war,Removal,"",default,Normal,62,0.78,"Blue",2,rare,"Instant",8.86,own exact edition
14,Brainstorm,Strixhaven Mystical Archive,sta,Draw,"",default,Normal,13,0.24,"Blue",1,rare,"Instant",2.86,own exact edition
15,Faerie Mastermind,March of the Machine,mom,Draw,"",default,Normal,58,0.61,"Blue",2,rare,"Creature",7.90,own exact edition
14,Clever Concealment,Phyrexia: All Will Be One Commander,onc,Protection,"",default,Normal,5,0.42,"White",4,rare,"Instant",13.05,own exact edition
15,Grim Hireling,Commander Legends: Battle for Baldur's Gate,clb,Ramp,"",default,Normal,755,0.47,"Black",4,rare,"Creature",13.35,own exact edition
4,Vedalken Orrery,Double Masters 2022,2x2,Protection,"",default,Normal,317,0.75,"",4,rare,"Artifact",8.56,not owned
10,Mox Opal,Double Masters,2xm,Ramp,"",default,Normal,275,0.85,"",0,mythic,"Artifact",85.14,own exact edition
19,Mana Crypt,The List,plst,Ramp,"",default,Normal,EMA-225,1.98,"",0,mythic,"Artifact",179.42,own exact edition
5,"Ragavan, Nimble Pilferer",Modern Horizons 2,mh2,Ramp,"",default,Normal,138,1.58,"Red",1,mythic,"Creature",34.11,own exact edition
12,Parallel Lives,Wilds of Eldraine: Enchanting Tales,wot,Tokens,"",default,Normal,58,1.01,"Green",4,mythic,"Enchantment",33.03,not owned
14,Mana Vault,Ultimate Box Topper,puma,Ramp,"",default,Foil,U29,1.54,"",1,mythic,"Artifact",123.71,own different edition
10,"Mondrak, Glory Dominus",Phyrexia: All Will Be One,one,Tokens,"",default,Normal,23,0.96,"White",4,mythic,"Creature",40.23,own exact edition
4,Time Warp,Strixhaven Mystical Archive,sta,Finisher,"",default,Normal,22,1.65,"Blue",5,mythic,"Sorcery",10.88,not owned
14,Swan Song,Commander 2016,c16,Removal,"",default,Normal,98,0.8,"Blue",1,rare,"Instant",15.10,own exact edition
15,Three Visits,Commander Masters,cmm,Ramp,"",default,Normal,913,0.19,"Green",2,uncommon,"Sorcery",4.18,own different edition
15,Wheel of Fortune,Revised Edition,3ed,Draw,"",default,Normal,185,1.16,"Red",3,rare,"Sorcery",255.12,own exact edition
14,Counterspell,Strixhaven Mystical Archive,sta,Removal,"",default,Normal,15,0.79,"Blue",2,rare,"Instant",2.86,own different edition
8,"Elesh Norn, Grand Cenobite",The List,plst,Anthem,"",default,Normal,IMA-18,1.84,"White",7,mythic,"Creature",15.90,not owned
3,Scute Swarm,Zendikar Rising Promos,pznr,Landfall,"",default,Normal,203p,1.26,"Green",3,rare,"Creature",4.30,own different edition
3,Archangel of Thune,Double Masters,2xm,Lifegain,"",default,Normal,5,0.71,"White",5,mythic,"Creature",33.32,not owned
5,Chalice of the Void,The Lost Caverns of Ixalan Commander,lcc,Stax,"",default,Normal,105,1.28,"",0,mythic,"Artifact",51.83,not owned
14,Consecrated Sphinx,Double Masters 2022,2x2,Draw,"",default,Normal,345,1.64,"Blue",6,mythic,"Creature",26.85,own different edition
5,"Kozilek, Butcher of Truth",Double Masters 2022,2x2,Draw,"",default,Normal,336,1.51,"",10,mythic,"Creature",65.95,not owned
4,Mana Echoes,Double Masters,2xm,Ramp,"",default,Normal,136,0.85,"Red",4,mythic,"Enchantment",32.96,not owned
3,Painter's Servant,Shadowmoor,shm,Protection,"",default,Foil,257,0.87,"",2,rare,"Creature,Artifact",96.35,not owned
13,Sword of Truth and Justice,Modern Horizons,mh1,Proliferate,"",default,Foil,229,0.55,"",3,mythic,"Artifact",39.35,not owned
10,"Vorinclex, Monstrous Raider",Kaldheim,khm,Counters,"",default,Normal,320,1.79,"Green",6,mythic,"Creature",48.91,not owned
5,"Avacyn, Angel of Hope",Commander Masters,cmm,Protection,"",default,Normal,14,1.5,"White",8,mythic,"Creature",32.23,own exact edition
5,"Aesi, Tyrant of Gyre Strait",Commander Legends,cmr,Draw,"",default,Foil,365,1.06,"Green,Blue",6,mythic,"Creature",36.26,not owned
5,Eye of Ugin,Modern Masters 2015,mm2,Land,"",default,Normal,242,0.55,"",0,rare,"Land",80.22,own exact edition
10,Argothian Enchantress,Eternal Masters,ema,Draw,"",default,Normal,158,0.6,"Green",2,mythic,"Creature",34.72,not owned
3,Edgar Markov,Commander 2017,c17,Creature,"",default,Foil,36,1.94,"White,Red,Black",6,mythic,"Creature",94.21,not owned
3,Dosan the Falling Leaf,Champions of Kamigawa,chk,Protection,"",default,Normal,205,0.56,"Green",3,rare,"Creature",33.17,not owned
2,"Xenk, Paladin Unbroken",Secret Lair Drop,sld,Pump,"",default,Normal,1237,0.17,"White",4,rare,"Creature",43.15,not owned
5,"Ulamog, the Ceaseless Hunger",Commander Masters,cmm,Removal,"",default,Normal,670,1.68,"",10,mythic,"Creature",28.67,not owned
5,Ugin's Labyrinth,Modern Horizons 3,mh3,Land,"",default,Normal,233,null,"",0,mythic,"Land",33.16,own exact edition
5,Amulet of Vigor,Secret Lair Drop,sld,Ramp,"",default,Foil,167,0.49,"",1,rare,"Artifact",32.80,not owned
10,Ancient Copper Dragon,Commander Legends: Battle for Baldur's Gate,clb,Ramp,"",default,Normal,368,1.27,"Red",6,mythic,"Creature",82.27,own exact edition
5,Ranger-Captain of Eos,Modern Horizons,mh1,Tutor,"",default,Normal,21,0.74,"White",3,mythic,"Creature",25.51,own exact edition
3,Hunting Velociraptor,Jurassic World Collection,rex,Ramp,"",default,Normal,4,null,"Red",3,rare,"Creature",25.38,not owned
4,"Sorin, Imperious Bloodlord",Core Set 2020,m20,Ramp,"",default,Foil,115,0.35,"Black",3,mythic,"Planeswalker",53.83,not owned
12,The Meathook Massacre,Innistrad: Midnight Hunt,mid,Removal,"",default,Normal,112,1.3,"Black",2,mythic,"Enchantment",35.33,own exact edition
8,Commander's Plate,Commander Legends,cmr,Protection,"",default,Normal,305,0.74,"",1,mythic,"Artifact",33.92,own exact edition
4,Old Gnawbone,Adventures in the Forgotten Realms,afr,Ramp,"",default,Normal,197,1.38,"Green",7,mythic,"Creature",34.22,not owned
8,"Elesh Norn, Mother of Machines",Phyrexia: All Will Be One,one,Stax,"",default,Normal,10,1.83,"White",5,mythic,"Creature",20.29,own different edition
6,Sakashima of a Thousand Faces,Commander Legends,cmr,Copy,"",default,Normal,89,0.94,"Blue",4,mythic,"Creature",24.01,not owned
15,Imperial Seal,Double Masters 2022,2x2,Tutor,"",default,Normal,354,1.04,"Black",1,mythic,"Sorcery",86.85,own different edition
10,"Ojer Taq, Deepest Foundation // Temple of Civilization",The Lost Caverns of Ixalan,lci,Tokens,"",default,Normal,26,null,"White",6,mythic,"Creature,Land",24.32,own exact edition
14,Krark-Clan Ironworks,Fifth Dawn,5dn,Ramp,"",default,Normal,134,1.11,"",4,uncommon,"Artifact",28.92,own exact edition
3,Scapeshift,Special Guests,spg,Ramp,"",default,Foil,34,0.8,"Green",4,mythic,"Sorcery",34.22,not owned
3,Thornbite Staff,Morningtide,mor,Untap,"",default,Normal,145,0.64,"",2,uncommon,"Artifact,Kindred",21.83,not owned
10,Agatha's Soul Cauldron,Wilds of Eldraine,woe,Counters,"",default,Normal,242,0.92,"",2,mythic,"Artifact",30.58,not owned
4,"Tezzeret, Master of the Bridge",War of the Spark,war,Ramp,"",default,Foil,275,0.54,"Black,Blue",6,mythic,"Planeswalker",20.25,not owned
5,"Nissa, Resurgent Animist",March of the Machine: The Aftermath,mat,Ramp,"",default,Normal,22,0.38,"Green",3,mythic,"Creature",26.53,not owned
3,"Greensleeves, Maro-Sorcerer",Dominaria United Commander,dmc,Landfall,"",default,Normal,27,0.36,"Green",5,mythic,"Creature",25.16,not owned
10,Cryptolith Rite,Shadows over Innistrad,soi,Ramp,"",default,Normal,200,0.42,"Green",2,rare,"Enchantment",15.18,not owned
5,Urabrask // The Great Work,March of the Machine,mom,Ramp,"",default,Normal,299,0.6,"Red",4,mythic,"Creature,Enchantment",15.57,not owned
5,Dolmen Gate,The List,plst,Protection,"",default,Normal,LRW-256,0.53,"",2,rare,"Artifact",17.94,not owned
2,Solitude,Modern Horizons 2,mh2,Removal,"",default,Normal,32,0.99,"White",5,mythic,"Creature",16.87,not owned
14,An Offer You Can't Refuse,Streets of New Capenna,snc,Removal,"",default,Normal,51,0.58,"Blue",1,uncommon,"Instant",4.45,own exact edition
10,"Chimil, the Inner Sun",The Lost Caverns of Ixalan,lci,Draw,"",default,Normal,249,null,"",6,mythic,"Artifact",16.78,not owned
4,Wrenn and Six,Modern Horizons,mh1,Recursion,"",default,Normal,217,0.7,"Green,Red",2,mythic,"Planeswalker",22.34,not owned
5,Temporal Manipulation,The List,plst,Finisher,"",default,Normal,UMA-77,1.62,"Blue",5,mythic,"Sorcery",19.94,not owned
4,Throne of Eldraine,Wilds of Eldraine Commander,woc,Ramp,"",default,Normal,28,0.33,"",5,rare,"Artifact",14.39,not owned
5,Spellseeker,Battlebond,bbd,Tutor,"",default,Normal,41,0.7,"Blue",3,rare,"Creature",10.67,own exact edition
4,Bribery,Commander Masters,cmm,Theft,"",default,Normal,77,1.26,"Blue",5,mythic,"Sorcery",6.03,not owned
30,Vesuva,Time Spiral Remastered,tsr,Land,"",default,Normal,289,0.44,"",0,mythic,"Land",12.19,own exact edition
3,Illustrious Wanderglyph,The Lost Caverns of Ixalan Commander,lcc,Tokens,"",default,Normal,9,null,"White",5,rare,"Creature,Artifact",10.31,not owned
6,Moonshaker Cavalry,Wilds of Eldraine,woe,Finisher,"",default,Normal,21,0.71,"White",8,mythic,"Creature",11.87,not owned
13,Sword of the Animist,Commander Masters,cmm,Ramp,"",default,Normal,413,0.35,"",2,rare,"Artifact",6.68,own exact edition
14,Valakut Awakening // Valakut Stoneforge,The List,plst,Draw,"",default,Normal,ZNR-174,0.17,"Red",3,rare,"Instant,Land",7.39,not owned
6,Cathars' Crusade,Jumpstart,jmp,Counters,"",default,Normal,95,1.02,"White",5,rare,"Enchantment",12.07,not owned
4,Warleader's Call,Murders at Karlov Manor,mkm,Anthem,"",default,Normal,242,null,"White,Red",3,rare,"Enchantment",5.59,not owned
7,Grand Crescendo,New Capenna Commander,ncc,Protection,"",default,Normal,16,0.34,"White",2,rare,"Instant",7.49,not owned
15,"Emeria's Call // Emeria, Shattered Skyclave",Zendikar Rising,znr,Protection,"",default,Normal,12,0.18,"White",7,mythic,"Sorcery,Land",4.34,not owned
4,Throne of the God-Pharaoh,Amonkhet,akh,Burn,"",default,Normal,237,0.45,"",2,rare,"Artifact",4.94,not owned
4,Halo Fountain,Streets of New Capenna,snc,Draw,"",default,Normal,15,0.49,"White",3,mythic,"Artifact",5.59,not owned
4,Second Harvest,Commander 2019,c19,Tokens,"",default,Normal,178,0.43,"Green",4,rare,"Instant",5.73,not owned
9,"Bennie Bracks, Zoologist",New Capenna Commander,ncc,Draw,"",default,Normal,86,0.27,"White",4,mythic,"Creature",6.49,not owned
15,Bala Ged Recovery // Bala Ged Sanctuary,The List,plst,Recursion,"",default,Normal,ZNR-180,0.17,"Green",3,uncommon,"Sorcery,Land",4.99,not owned
7,Legolas's Quick Reflexes,Tales of Middle-earth Commander,ltc,Protection,"",default,Normal,493,null,"Green",1,rare,"Instant",16.80,not owned
18,Birds of Paradise,Secret Lair Drop,sld,Ramp,"",default,Normal,92,0.25,"Green",1,rare,"Creature",8.91,own different edition
5,Altar of the Brood,Khans of Tarkir,ktk,Mill,"",default,Normal,216,0.82,"",1,rare,"Artifact",10.82,not owned
14,Heroic Intervention,Core Set 2021,m21,Protection,"",default,Normal,188,0.92,"Green",2,rare,"Instant",9.42,own different edition
4,Grave Pact,Commander Masters,cmm,Removal,"",default,Normal,165,1.66,"Black",4,mythic,"Enchantment",10.33,not owned
15,Altar of Dementia,Modern Horizons,mh1,Sac Outlet,"",default,Normal,218,0.95,"",2,rare,"Artifact",9.19,not owned
8,Darksteel Plate,Mirrodin Besieged,mbs,Protection,"",default,Normal,104,0.46,"",3,rare,"Artifact",8.26,not owned
9,Hammer of Nazahn,Double Masters,2xm,Protection,"",default,Normal,260,0.41,"",4,rare,"Artifact",8.76,not owned
15,Blasphemous Act,Commander Legends,cmr,Removal,"",default,Normal,162,0.63,"Red",9,rare,"Sorcery",2.43,own different edition
10,Elemental Bond,Magic Origins,ori,Draw,"",default,Normal,174,0.2,"Green",3,uncommon,"Enchantment",5.16,own different edition
5,"Xenagos, God of Revels",The Lost Caverns of Ixalan Commander,lcc,Pump,"",default,Normal,295,0.66,"Green,Red",5,mythic,"Creature,Enchantment",4.46,own exact edition
12,Greater Good,Battlebond,bbd,Draw,"",default,Normal,201,0.47,"Green",4,rare,"Enchantment",10.47,own exact edition
2,Asceticism,The List,plst,Protection,"",default,Normal,SOM-110,0.72,"Green",5,rare,"Enchantment",3.82,own different edition
6,Craterhoof Behemoth,Modern Masters 2017,mm3,Finisher,"",default,Normal,122,1.81,"Green",8,mythic,"Creature",29.41,own exact edition
8,Darksteel Forge,Double Masters,2xm,Protection,"",default,Normal,248,1.05,"",9,mythic,"Artifact",35.99,not owned
5,Void Winnower,Battle for Zendikar,bfz,Stax,"",default,Normal,17,1.98,"",9,mythic,"Creature",25.90,not owned
4,"Kokusho, the Evening Star",Iconic Masters,ima,Drain,"",default,Normal,95,0.59,"Black",6,rare,"Creature",21.62,not owned
4,"Klauth, Unrivaled Ancient",Forgotten Realms Commander,afc,Ramp,"",default,Foil,50,0.61,"Green,Red",7,mythic,"Creature",25.32,not owned
5,Snapcaster Mage,Modern Masters 2017,mm3,Recursion,"",default,Normal,50,0.52,"Blue",2,mythic,"Creature",24.21,own different edition
8,Trouble in Pairs,Murders at Karlov Manor Commander,mkc,Draw,"",default,Normal,15,null,"White",4,rare,"Enchantment",26.06,not owned
4,Hermit Druid,Stronghold,sth,Mill,"",default,Normal,108,1,"Green",2,rare,"Creature",22.14,not owned
2,"Bristly Bill, Spine Sower",Outlaws of Thunder Junction,otj,Counters,"",default,Foil,157,null,"Green",2,mythic,"Creature",27.37,not owned
15,Cruel Tutor,Portal,por,Tutor,"",default,Normal,87,0.47,"Black",3,rare,"Sorcery",29.02,not owned
4,Mirri's Guile,Judge Gift Cards 2019,j19,Draw,"",default,Foil,1,0.17,"Green",1,mythic,"Enchantment",39.07,not owned
3,"Doric, Nature's Warden // Doric, Owlbear Avenger",Secret Lair Drop,sld,Ramp,"",default,Normal,1241,0.2,"Green",4,rare,"Creature,Creature",29.33,not owned
3,"Edgin, Larcenous Lutenist",Secret Lair Drop,sld,Ramp,"",default,Normal,1242,0.56,"Red,Blue",3,rare,"Creature",28.27,not owned
3,"Forge, Neverwinter Charlatan",Secret Lair Drop,sld,Ramp,"",default,Normal,1239,0.67,"Black",4,rare,"Creature",22.23,not owned
10,Enlightened Tutor,Eternal Masters,ema,Tutor,"",default,Normal,9,0.82,"White",1,rare,"Instant",20.10,own different edition
4,Sylvan Library,Commander Collection: Green,cc1,Draw,"",default,Normal,5,0.96,"Green",2,rare,"Enchantment",19.83,own exact edition
3,Tendershoot Dryad,Rivals of Ixalan,rix,Tokens,"",default,Normal,147,0.35,"Green",5,rare,"Creature",11.43,not owned
10,"Adeline, Resplendent Cathar",Innistrad: Midnight Hunt,mid,Tokens,"",Proxy,Normal,1,0.49,"White",3,rare,"Creature",7.91,own different edition
3,Lighthouse Chronologist,Rise of the Eldrazi,roe,Counters,"",default,Normal,75,0.89,"Blue",2,mythic,"Creature",11.93,not owned
3,"Thada Adel, Acquisitor",Worldwake,wwk,Theft,"",default,Normal,40,0.76,"Blue",3,rare,"Creature",15.25,own exact edition
3,Expropriate,The List,plst,Finisher,"",default,Normal,CN2-30,2.51,"Blue",9,mythic,"Sorcery",11.09,own exact edition
3,Show and Tell,Conspiracy: Take the Crown,cn2,Ramp,"",default,Normal,121,0.81,"Blue",3,mythic,"Sorcery",15.39,not owned
5,"Nezahal, Primal Tide",Commander Legends,cmr,Draw,"",default,Normal,401,0.55,"Blue",7,rare,"Creature",5.66,not owned
5,Agent of Treachery,Core Set 2020,m20,Removal,"",default,Normal,43,1.55,"Blue",7,rare,"Creature",7.27,not owned
4,"Jace, Vryn's Prodigy // Jace, Telepath Unbound",Magic Origins,ori,Draw,"",default,Normal,60,0.43,"Blue",2,mythic,"Creature,Planeswalker",6.18,own exact edition
10,Mithril Coat,The Lord of the Rings: Tales of Middle-earth,ltr,Protection,"",default,Normal,696,0.48,"",3,rare,"Artifact",12.92,not owned
4,Nexus of Fate,Core Set 2019,m19,Finisher,"",default,Foil,306,1.9,"Blue",7,mythic,"Instant",12.58,not owned
8,Sceptre of Eternal Glory,"Warhammer 40,000 Commander",40k,Ramp,"",default,Normal,166,1.15,"",4,rare,"Artifact",7.12,not owned
4,Vedalken Shackles,Kaladesh Inventions,mps,Removal,"",default,Foil,53,0.22,"",3,special,"Artifact",37.60,not owned
4,Savor the Moment,Secret Lair Drop,sld,Ramp,"",default,Normal,1006,1.06,"Blue",3,rare,"Sorcery",3.85,not owned
4,Sublime Epiphany,Core Set 2021,m21,Removal,"",default,Normal,74,0.61,"Blue",6,rare,"Instant",2.35,not owned
2,Quicksilver Fountain,Mirrodin,mrd,Stax,"",default,Normal,233,0.8,"",3,rare,"Artifact",3.53,not owned
3,Time Stretch,Dominaria Remastered,dmr,Finisher,"",default,Normal,69,2.1,"Blue",10,mythic,"Sorcery",3.61,not owned
8,"Vraska, the Silencer",Outlaws of Thunder Junction,otj,Ramp,"",default,Normal,237,null,"Green,Black",3,mythic,"Creature",2.97,own exact edition
2,Bitterblossom,Wilds of Eldraine: Enchanting Tales,wot,Tokens,"",default,Normal,72,0.48,"Black",2,mythic,"Enchantment,Kindred",15.21,own different edition
3,"Liliana, Dreadhorde General",War of the Spark,war,Draw,"",default,Normal,97,0.81,"Black",6,mythic,"Planeswalker",14.00,not owned
4,Ashnod's Altar,Eternal Masters,ema,Ramp,"",default,Normal,218,0.95,"",3,uncommon,"Artifact",5.55,not owned
3,Rise of the Dark Realms,Jumpstart,jmp,Recursion,"",default,Normal,271,0.95,"Black",9,mythic,"Sorcery",9.68,own exact edition
4,Mystic Remora,Secret Lair Drop,sld,Draw,"",default,Normal,406,1.36,"Blue",1,rare,"Enchantment",40.60,own exact edition
